No,可否,祭りの名称,*,開催日1,開始時間1,終了時間1,開催日2,開始時間2,終了時間2,開催日3,開始時間3,終了時間3,開催日4,開始時間4,終了時間4,開催日5,開始時間5,終了時間5,開催日6,開始時間6,終了時間6,開催日7,開始時間7,終了時間7,開催日8,開始時間8,終了時間8,開催日9,開始時間9,終了時間9,備考,*,会場名称,会場住所,会場住所コード,会場緯度,会場経度,*,<踊り>,<歌唱>,<太鼓>,<演奏>,<出店・屋台>,<花火>,<神輿>,<その他>,*,目玉イベント1,目玉イベント2,*,一般参加,一般条件,*,url,主催団体1,主催団体2,主催団体3,*,ソース
101,1,大森小地区盆踊り大会,1,2015-08-29,19:00,21:00,2015-08-30,19:00,21:00,,,,,,,,,,,,,,,,,,,,,,,1,大森小学校校庭,千葉市中央区大森町268,121010011,35.580215,140.145172,1,1,0,0,0,0,0,0,,1,,,1,1,,1,,大森小地区盆踊り大会実行委員会,,,1,千葉市
201,1,瑞穂夏まつり,1,2015-08-22,9:00,11:00,2015-08-22,16:00,21:00,,,,,,,,,,,,,,,,,,,,,,,1,瑞穂小学校校庭,千葉市花見川区瑞穂1丁目2,121020028,35.66436111,140.0691111,1,1,0,1,1,1,0,1,ねぷた、山車、ステージでの踊り、キッズダンス、演奏など,1,子ども御輿行進（9:00〜11:00）,ステージ・縁日（17:00〜21:00）,1,9,出演者は原則として瑞穂に関係のある者、参観は自由,1,,瑞穂夏まつり実行委員会,瑞穂自治会,ガーデンプラザ新検見川自治会,1,千葉市
205,1,み春野ふるさと夏祭り,1,2015-08-22,15:00,22:00,,,,,,,,,,,,,,,,,,,,,,,,,,1,宇那谷み春野公園,千葉市花見川区み春野1丁目11,121020033,35.692238,140.13826,1,1,0,1,0,1,1,0,前夜祭,1,花火大会,,1,1,出店は不可,1,http://blogs.yahoo.co.jp/miharuno_tsubasanooka,み春野自治会,,,1,千葉市
207,1,柏井ふるさと祭り,1,2015-07-18,17:00,21:30,2015-07-19,17:00,21:00,,,,,,,,,,,,,,,,,,,,,,,1,柏井小学校校庭,千葉市花見川区柏井4丁目48-1,121020006,35.708488,140.106522,1,1,0,1,1,1,1,0,,1,両日とも午後8時より打ち上げ花火100発（3寸玉）,,1,1,,1,,柏井ふるさと祭り実行委員会,,,1,千葉市
209,1,夏祭り,1,2015-07-18,10:00,21:00,,,,,,,,,,,,,,,,,,,,,,,,,雨天順延,1,芦太公園,千葉市花見川区柏井1-20,121020006,35.695487,140.096042,1,1,1,0,0,1,0,0,野菜の即売,1,一條貫太、歌唱（7/18 18:00より）,,1,1,,1,,柏井北自治会,八千代台パークハイツ自治会,,1,千葉市
210,1,門原地区盆踊り大会,1,2015-07-25,19:00,21:00,2015-07-26,19:00,21:00,,,,,,,,,,,,,,,,,,,,,,,1,長作小学校校庭,千葉市花見川区長作町1273,121020018,35.68515,140.074097,1,1,0,1,0,1,0,0,,1,,,,1,,1,,長作町内会第2区門原,,,1,千葉市
211,1,瑞穂夏まつり,1,2015-08-22,17:00,21:00,,,,,,,,,,,,,,,,,,,,,,,,,,1,瑞穂小学校校庭,千葉市花見川区瑞穂1丁目2,121020028,35.663994,140.068832,1,1,1,0,1,1,0,1,子供みこし行進,1,子供みこし行進、各種ステージ上での催し物,,1,1,,1,http://gardenplaza.web.fc2.com,ガーデンプラザ新検見川自治会,瑞穂自治会,,1,千葉市
212,1,緑丘町会町民ふれあい祭り,1,2015-06-27,16:00,20:00,,,,,,,,,,,,,,,,,,,,,,,,,,1,長作みどり公園,千葉市花見川区長作町1623−1,121020018,35.685061,140.082075,1,0,1,1,1,1,0,0,津軽三味線,1,緑丘町営歌クラブ・子どもの参加あり,津軽三味線奏者,1,9,自治会員・地域住民のみ,1,,長作台緑丘町会,,,1,千葉市
214,1,第42回さつきが丘夏まつり,1,2015-07-31,18:00,21:00,2015-08-01,17:00,21:00,2015-08-02,17:00,21:00,,,,,,,,,,,,,,,,,,,7/31は前夜祭（カラオケ）,1,さつきが丘西公園,千葉市花見川区さつきが丘2丁目31,121020012,35.667236,140.092712,1,1,1,1,1,1,0,0,お楽しみ抽選会,1,お楽しみ抽選会(8/1),前夜祭（さつきが丘名店街協賛。7/31）,1,1,毎年、熊谷市長に参加していただいております,1,,さつきが丘一丁目町内会（4団体）,さつきが丘二丁目町内会（6団体）,さつきが丘名店街,1,千葉市
223,1,蓮まつり,1,2015-07-19,3:00,9:00,2015-07-20,7:00,9:00,,,,,,,,,,,,,,,,,,,,,,,1,蓮まつり,千葉市花見川区畑町1051,121020021,35.663177,140.074387,1,1,0,1,0,1,0,1,旧東大植物研究所の蓮見会,1,子供みこし,盆おどり,1,1,,1,,花園地区張娜自治会連合会,,,1,千葉市
224,1,貝塚町会こども夏祭り,1,2015-08-22,12:00,18:00,,,,,,,,,,,,,,,,,,,,,,,,,,1,協進建設株式会社駐車場,千葉市花見川区長作町355-4,121020018,35.677776,140.069901,1,0,0,0,0,1,0,0,,1,,,,1,,1,http://kaiduka-choukai.jimdo.com/,長作町貝塚町会,,,1,千葉市
225,1,千種台ハイツ自治会夏祭り,1,2015-08-01,18:00,21:00,,,,,,,,,,,,,,,,,,,,,,,,,,1,千種第2公園（パンダ公園）,千葉市花見川区千草町337-5,121020016,35.682838,140.11554,1,1,0,1,0,1,0,0,ビンゴゲーム,1,太鼓,ビンゴゲーム,1,1,,1,,千種台ハイツ自治会,,,1,千葉市
301,1,第29回「マイタウン夏祭り」,1,2015-07-25,15:00,21:15,,,,,,,,,,,,,,,,,,,,,,,,,,1,小中台西第２公園（わんぱく公園）,千葉市稲毛区小中台町473-1,121030013,35.650475,140.089324,1,1,0,1,1,1,1,1,チャリティーバザー,1,子供みこし、子供フラダンス、子供ヒップホップ,すいか割り,1,1,,1,http://i-skt-jitikai.com,稲毛スカイタウン自治会,,,1,千葉市
403,1,盆おどり大会,1,2015-07-25,19:00,21:30,,,,,,,,,,,,,,,,,,,,,,,,,,1,大宮町下長集会場,千葉市若葉区大宮町948,121040009,35.600979,140.162933,1,1,0,1,1,1,0,0,,1,,,,1,,1,,大宮町下長自治会,,,1,千葉市
404,1,桜木第2県住夏祭り,1,2015-07-19,17:00,21:00,,,,,,,,,,,,,,,,,,,,,,,,,,1,桜木第２県住公園,千葉市若葉区桜木2-22,121040024,35.622096,140.163003,1,1,0,1,0,1,0,0,,1,ソーランおどり,,1,9,,1,,桜木第2県住自治会,,,1,千葉市
405,1,コスモスまつり,1,2015-10-10,9:00,15:00,2015-10-11,9:00,15:00,2015-10-12,9:00,15:00,,,,,,,,,,,,,,,,,,,,1,富田都市農業交流センター周辺,千葉市若葉区富田町711-1,121040041,35.605294,140.245387,1,0,0,0,0,1,0,0,地元野菜直売,1,地元野菜直売,地元農産物加工食品直売,1,1,,1,,コスモスまつり実行委員会,,,1,千葉市
406,1,南町・ふれあい祭,1,2015-11-18,,,,,,,,,,,,,,,,,,,,,,,,,,,時間未定,1,千城台南小学校,千葉市若葉区千城台南1丁目19-1,121040037,35.61836111,140.191,1,1,1,1,1,1,0,0,餅つき・ゲーム,1,,,,1,,1,,,,,,千葉市
407,1,千城台東町ふれあい祭,1,2015-10-24,10:00,15:00,2015-10-25,10:00,15:00,,,,,,,,,,,,,,,,,,,,,,,1,千城台東町自治会館及び第10公園,千葉市若葉区千城台東4丁目33-3,121040036,35.619831,140.19928,1,1,1,0,1,1,0,0,吹き矢、シャボン玉、工作,1,,,,1,,1,,千城台東町自治会,,,1,千葉市
408,1,夏まつり団地祭,1,2015-07-25,19:00,21:00,2015-07-26,10:00,11:00,2015-07-26,19:00,21:00,,,,,,,,,,,,,,,,,,,7/26 10:00〜山車,1,千城台東県営住宅,千葉市若葉区千城台東4-1,121040036,35.614901,140.19347,1,1,0,1,0,1,0,0,,1,,,,1,盆踊りOK,1,,,,,,千葉市
410,1,大宮台 夏まつり,1,2015-07-24,18:00,21:00,2015-07-25,18:00,21:00,2015-07-26,18:00,21:00,,,,,,,,,,,,,,,,,,,,1,大宮小学校校庭,千葉市若葉区大宮台7丁目8-1,121040008,35.596626,140.181976,1,1,0,1,0,1,0,1,花車の運行,1,みこしパレード,,1,2,大宮台住民、PTA,1,,大宮台自治会,,,1,千葉市
411,1,いずみ台ローズタウン夏祭り・盆踊り,1,2015-07-25,9:00,21:00,2015-07-26,18:00,21:00,,,,,,,,,,,,,,,,,,,,,,7/25 9:00〜子供みこし,1,多部田第2公園,千葉市若葉区多部田町754-50,121040032,35.598066,140.194776,1,1,0,1,0,1,0,0,,1,,,,1,,1,,いずみ台ローズタウン自治会,,,1,千葉市
413,1,第2回若松町親和自治会夏祭り,1,2015-08-01,17:00,20:00,,,,,,,,,,,,,,,,,,,,,,,,,,1,若松公園,千葉市若葉区若松町361-54,121040052,35.640019,140.165033,1,1,0,1,0,1,0,0,じゃんけん大会,1,太鼓体験会、じゃんけん大会,ポスター表彰式,1,1,,1,,若松町親和自治会,,,1,千葉市
414,1,若松町南部自治会 納涼盆おどり大会,1,2015-07-18,18:00,20:30,,,,,,,,,,,,,,,,,,,,,,,,,,1,若松中学校駐車場,千葉市若葉区若松町2106−2,121040052,35.636227,140.168655,1,1,0,1,0,1,0,0,,1,,,,1,,1,,若松町南部自治会,,,1,千葉市
415,1,一丁目・二丁目合同夏祭り「納涼の夕べ」,1,2015-07-25,9:00,17:00,,,,,,,,,,,,,,,,,,,,,,,,,,1,若松台小学校,千葉市若葉区若松台2丁目25−1,121040051,35.65027778,140.1718333,1,1,0,1,0,0,0,0,,1,,,,1,,1,,若松台一丁目自治会,若松台二丁目自治会,,1,千葉市
417,1,納涼大会,1,2015-07-25,9:00,20:00,2015-07-26,9:00,20:00,,,,,,,,,,,,,,,,,,,,,,,1,小倉台公園,千葉市若葉区小倉台4丁目7,121040010,35.629307,140.170792,1,1,0,1,1,1,1,0,花火大会（祭り１日目のみ）,1,,,,1,,1,,小倉小学校地区会長会,小倉商店街,,1,千葉市
420,1,みつわ台5丁目連合 納涼盆踊り大会,1,2015-07-25,18:00,20:30,2015-07-26,18:00,20:00,,,,,,,,,,,,,,,,,,,,,,雨天は7/27に順延,1,源弁天公園,千葉市若葉区みつわ台5丁目47,121040048,35.646593,140.140033,1,1,0,1,0,1,1,0,,1,抽選会、ビンゴ大会,花火大会,1,1,,1,,5丁目連合会（6自治会合同）,,,1,千葉市
423,1,みつわ台夏祭り,1,2015-08-08,14:00,20:00,2015-08-09,14:00,20:00,,,,,,,,,,,,,,,,,,,,,,店は21:00まで,1,みつわ台3丁目第二公園野球場,千葉市若葉区みつわ台3丁目3-1,121040048,35.640957,140.136292,1,1,1,1,1,1,0,0,,1,,,,1,,1,,みつわ台2丁目中央自治会他12団体,,,1,千葉市
424,1,みつわ台桜まつり,1,2016-04-02,14:00,21:00,2016-04-03,14:00,21:00,,,,,,,,,,,,,,,,,,,,,,,1,みつわ台3丁目桜通り,千葉市若葉区みつわ台3丁目,121040048,35.63904,140.138155,1,1,1,1,1,1,0,0,ゆるキャラと撮影会、猿回し,1,,,,1,,1,,みつわ台2丁目中央自治会他12団体,みつわ台3丁目自治会,みつわ台3-13団地管理組合,1,千葉市
425,1,都賀の台夏祭盆踊り大会,1,2015-08-22,14:30,20:00,,,,,,,,,,,,,,,,,,,,,,,,,,1,都賀の台小学校,千葉市若葉区都賀の台2丁目13−1,121040039,35.643883,140.14183,1,1,0,1,0,1,0,1,子供神輿町内パレード,1,盆踊り（8/22 18時〜20時）,,1,1,,1,,都賀の台自治会,,,1,千葉市
426,1,東寺山エステ・スクエア親睦夏祭り,1,2015-07-25,17:00,20:00,,,,,,,,,,,,,,,,,,,,,,,,,,1,東寺山第３公園,千葉市若葉区東寺山町423-1,121040047,35.629178,140.127562,1,0,1,0,1,1,0,0,会長バンドの演奏,1,日本一うまい生ビール、千葉市一盛りのいい焼きそば,秘伝のタレ焼トリ,1,1,,1,,東寺山エステ・スクエア自治会,,,1,千葉市
428,1,桜木小地区連合会盆踊り,1,2015-08-08,17:30,20:30,,,,,,,,,,,,,,,,,,,,,,,,,雨天は8/9に順延,1,桜木小学校,千葉市若葉区桜木3丁目26−1,121040024,35.621132,140.159134,1,1,0,0,0,1,0,0,小学生の踊り,1,小学生のよさこいソーラン,民踊,1,1,,1,,桜木小地区町内自治会連合会,桜木小地区スポーツ振興会,桜木小地区スポーツ連絡協議会,1,千葉市
432,1,桜木連合盆踊,1,2015-08-08,17:30,20:30,,,,,,,,,,,,,,,,,,,,,,,,,,1,桜木小学校校庭,千葉市若葉区桜木3丁目26−1,121040024,35.621132,140.159134,1,1,0,1,0,1,0,0,,1,子供によるヨサコイソウラン 17:30〜18:00,,1,1,,1,,桜木町内自治会連合会,,,1,千葉市
433,1,はづき祭,1,2015-08-01,10:00,12:00,2015-08-01,18:00,21:00,2015-08-02,18:00,21:00,,,,,,,,,,,,,,,,,,,,1,加曽利公園,千葉市若葉区加曽利町1294番1他,121040015,35.62439,140.164795,1,1,0,1,0,1,0,1,,1,町内を子供みこし 8月1日10:00〜12:00,,1,1,,1,,若葉はづき会,,,1,千葉市
501,1,2015とけサマーフェスティバル,1,2015-08-22,9:00,21:00,2015-08-23,9:00,21:00,,,,,,,,,,,,,,,,,,,,,,,1,創造の杜,千葉市緑区あすみが丘5丁目41,121050001,35.524929,140.257233,1,1,1,1,1,1,1,0,,1,,,,1,,1,,土気商工会議所青年部,協賛：土気地区各自治会,,1,千葉市
502,1,越智町夏祭り,1,2015-08-14,18:00,21:30,,,,,,,,,,,,,,,,,,,,,,,,,,1,野馬の里 向かい空地,千葉市緑区越智町541,121050009,35.530224,140.244339,1,1,0,1,0,1,1,0,,1,打ち上げ花火,,1,1,,1,,越智町内会,,,1,千葉市
503,1,古市場盆踊大会,1,2015-08-01,18:00,21:30,2015-08-02,18:00,21:30,,,,,,,,,,,,,,,,,,,,,,,1,古市場公園,千葉市緑区古市場町474-277,121050030,35.549124,140.147081,1,1,0,0,0,1,0,0,,1,抽選会,,1,1,,1,,古市場町内会,古市場みどり自治会,古市場第一・第二・第三自治会,1,千葉市
505,1,誉田町二丁目秋季祭礼,1,2015-10-11,9:00,20:00,2015-10-12,9:00,20:00,,,,,,,,,,,,,,,,,,,,,,,1,八幡神社〜近隣周辺道路,千葉市緑区誉田町2丁目21,121050032,35.549347,140.211014,1,1,1,0,0,1,0,1,お神輿渡御、山車引廻し、お囃子、カラオケ/演芸大会、くじ引き大会、文化展示会,1,お囃子山車巡行、カラオケ演芸大会（両日）,大人・子ども御輿、山車巡行（10/12）,1,1,大人みこし担手募集（事前申込要）,1,,誉田町二丁目町内会,八幡神社氏子総代会,,1,千葉市
508,1,オータムフェスティバル,1,2015-11-03,9:00,16:00,,,,,,,,,,,,,,,,,,,,,,,,,,1,のりくら公園,千葉市緑区おゆみ野4丁目31,121050011,35.557381,140.180361,1,0,0,0,0,1,0,0,,1,,,,1,,1,,おゆみ野4丁目自治会,,,1,千葉市
509,1,誉田団地自治会夏祭り,1,2015-07-25,18:00,21:00,,,,,,,,,,,,,,,,,,,,,,,,,,1,大膳野公園,千葉市緑区大膳野町4-368,121050021,35.542731,140.1999,1,1,0,1,0,1,0,0,,1,,,,1,,1,,誉田団地自治会,,,1,千葉市
511,1,おゆみ野夏祭り,1,2015-08-01,16:00,21:00,,,,,,,,,,,,,,,,,,,,,,,,,,1,泉谷小学校,千葉市緑区おゆみ野中央4丁目3,121050013,35.554535,140.174215,1,1,0,1,1,1,0,0,,1,ビンゴ大会,,1,1,,1,,おゆみ野地区連協,,,1,千葉市
512,1,さくらさくさくウォークラリー2015,1,2015-04-05,9:30,13:00,,,,,,,,,,,,,,,,,,,,,,,,,,1,鎌取コミュニティセンター,千葉市緑区おゆみ野3丁目15-2,121050011,35.560043,140.175792,1,0,0,0,0,0,0,0,ウォークラリー,1,,,,1,,1,,さくらさくさくウォークラリー実行委員会,,,1,千葉市
517,1,あきのみち公園みなみまつり,1,2015-07-25,16:00,19:00,,,,,,,,,,,,,,,,,,,,,,,,,雨天は7/26に順延,1,あきのみち公園,千葉市緑区おゆみ野南6丁目1,121050014,35.545361,140.179679,1,1,0,1,0,1,1,0,,1,,,,1,,1,,あきのみち公園みなみまつり実行委員会,,,1,千葉市
217,5,ルネ稲毛夏祭り,1,2015-10-04,11:00,15:00,,,,,,,,,,,,,,,,,,,,,,,,,,1,宮野木西公園,千葉市花見川区宮野木台1丁目7,121020030,35.654921,140.092073,1,0,0,0,0,0,0,0,,9,,,9,,,9,,,,,9,千葉市
504,5,鎌取町盆踊り大会,1,2015-08-08,19:00,21:00,2015-08-09,19:00,21:00,,,,,,,,,,,,,,,,,,,,,,,1,鎌取第１公園,千葉市緑区おゆみ野2丁目1,121050011,35.56644,140.174925,1,0,0,0,0,0,0,0,,9,,,9,,,9,,,,,9,千葉市
302,1,天台町内会盆踊り,1,2015-08-23,18:00,20:30,,,,,,,,,,,,,,,,,,,,,,,,,,1,作草部公園,千葉市稲毛区天台1-1,121030020,35.630357,140.113787,1,1,0,1,0,1,0,0,ゲーム,1,,,1,1,,1,,,,,1,Code for Chiba
1001,1,寒川神社例大祭,1,2015-08-19,18:00,21:00,2015-08-20,8:00,20:00,2015-08-21,10:00,12:00,,,,,,,,,,,,,,,,,,,,1,寒川神社,千葉市中央区寒川町1丁目123,121010021,35.597307,140.120246,1,0,0,1,0,0,0,1,,1,御浜下り,,1,1,,1,http://www5a.biglobe.ne.jp/~samugawa/,寒川神社,,,1,Code for Chiba
102,1,第40回千葉の親子三代夏祭り,1,2015-08-15,11:00,20:00,2015-08-16,13:00,20:00,,,,,,,,,,,,,,,,,,,,,,,1,中央公園,千葉市中央区中央1-12-1,121010036,35.610252,140.120777,1,1,1,1,0,1,0,0,,1,パレード,,1,1,,1,http://www.bikai.org/matsuri.html,千葉市を美しくする会,,,1,Code for Chiba
1002,1,第889回妙見大祭,1,2015-08-16,12:30,19:00,2015-08-22,14:00,19:30,,,,,,,,,,,,,,,,,,,,,,,1,千葉神社,千葉市中央区院内1-16-1,121010009,35.611914,140.123829,1,0,0,0,0,1,0,1,神輿渡御,1,おほこ旗祈願祭,昇殿勇め、千葉締め,1,1,,1,http://www.chibajinja.com/073reisai.html,千葉神社,,,1,Code for Chiba
601,1,真砂夏祭り,1,2015-08-15,17:00,21:30,2015-08-16,17:00,21:00,,,,,,,,,,,,,,,,,,,,,,,1,真砂中央公園,千葉市美浜区真砂5丁目15,121060013,35.641996,140.064375,1,0,0,0,0,0,0,0,,1,,,1,1,,1,,真砂地区(第31地区)町内自治会連絡協議会,,,1,Code for Chiba
602,1,第28回新稲毛ガーデンタワーサマーフェスティバル,1,2015-08-22,14:30,21:00,,,,,,,,,,,,,,,,,,,,,,,,,,1,新稲毛ガーデンタワー 中庭2階「スカイガーデン」,千葉市美浜区高洲3丁目,121060006,35.625873,140.071274,1,0,0,0,0,0,0,0,,1,,,1,1,,1,,サマーフェスティバル実行委員会,新稲毛ガーデンタワー自治会,,1,Code for Chiba
603,1,第34回高浜北夏祭り,1,2015-08-22,15:00,21:30,2015-08-23,10:00,21:00,,,,,,,,,,,,,,,,,,,,,,,1,高浜北団地中央プレイロット,千葉市美浜区高浜4丁目,121060007,35.625594,140.068624,1,1,0,1,0,0,0,1,山車、神輿,1,,,1,1,,1,http://kitadanchi.org/,高浜北夏祭り実行委員会,,,1,Code for Chiba
604,1,稲毛東映マンション子供夏祭り,1,2015-08-29,17:45,20:00,,,,,,,,,,,,,,,,,,,,,,,,,雨天の場合は屋内での売店のみ,1,稲毛東映マンション前稲岸公園,千葉市美浜区稲毛海岸4丁目,121060002,35.635535,140.077057,1,0,0,0,0,1,0,0,,1,,,1,1,,1,,稲毛東映マンション子供夏祭り実行委員会,,,1,Code for Chiba
605,1,第37回磯辺夏祭り,1,2015-08-29,18:00,21:00,2015-08-30,18:00,21:00,,,,,,,,,,,,,,,,,,,,,,,1,中磯辺公園グラウンド,千葉市美浜区磯辺4-27,121060001,35.630115,140.056704,1,0,0,0,1,0,0,0,,1,,,1,1,,1,,磯辺夏祭り実行委員会,,,1,Code for Chiba
518,1,ゆみ〜るふれあい市夏祭り,1,2015-08-22,13:00,17:00,,,,,,,,,,,,,,,,,,,,,,,,,小雨決行、悪天候時は 8/23 に延期,1,おゆみ野センターモール,千葉市緑区おゆみ野3-15,121050011,35.56122,140.177361,1,1,1,0,1,1,0,0,移動遊具設置の子どもの外遊びコーナー,1,流しそうめん 無料サービス 先着150食,,1,1,,1,,ゆみ〜るふれあい市夏祭り実行委員会,,,1,Code for Chiba
218,1,第23回花見川区民まつり,1,2015-10-25,10:00,15:00,,,,,,,,,,,,,,,,,,,,,,,,,小雨決行,1,花島公園,千葉市花見川区花島町308,121020022,35.681971,140.097403,1,1,1,0,1,1,0,0,昔あそび、グラウンドゴルフ、フリーマーケット,1,,,1,1,,1,,花見川区民まつり実行委員会,,,1,Code for Chiba
606,1,第23回美浜区民フェスティバル,1,2015-10-04,9:20,15:40,,,,,,,,,,,,,,,,,,,,,,,,,,1,稲毛海浜公園,千葉市美浜区高浜7丁目2,121060007,35.619857,140.060811,1,1,0,1,1,1,0,1,神輿、ワークショップ、フリーマーケット、浜焼き,1,,,1,1,,1,,美浜区民フェスティバル実行委員会,,,1,Code for Chiba
303,1,第23回稲毛区民まつり,1,2015-10-25,9:10,15:00,,,,,,,,,,,,,,,,,,,,,,,,,,1,穴川中央公園,千葉市稲毛区穴川4丁目12,121030001,35.63681,140.106009,1,0,0,0,0,0,0,0,,1,,,1,1,,1,,稲毛区民まつり実行委員会,,,1,Code for Chiba
103,1,第23回中央区ふるさとまつり,1,2015-10-18,10:00,16:00,,,,,,,,,,,,,,,,,,,,,,,,,,1,中央公園,千葉市中央区中央1-12-1,121010036,35.610252,140.120777,1,1,1,0,1,1,0,0,フリーマーケット、スタンプラリー,1,,,1,1,,1,,中央区ふるさとまつり実行委員会,,,1,Code for Chiba
434,1,第23回若葉区民まつり,1,2015-11-01,9:30,14:30,,,,,,,,,,,,,,,,,,,,,,,,,,1,東京情報大学,千葉市若葉区御成台4-1,121040012,35.637611,140.203167,1,0,0,0,0,1,0,0,フリーマーケット、産直市、スポーツイベント,1,,,1,1,,1,,若葉区民まつり実行委員会,,,1,Code for Chiba
519,1,第23回緑区ふるさとまつり,1,2015-11-01,10:00,15:00,,,,,,,,,,,,,,,,,,,,,,,,,,1,昭和の森公園,千葉市緑区土気町22,121050024,35.517634,140.280334,1,0,0,0,0,1,0,0,芸能ステージ、こどもコーナー、スポレクコーナー,1,,,1,1,,1,,緑区ふるさとまつり実行委員会,,,1,Code for Chiba
104,1,千葉湊大漁まつり〜第39回千葉市民産業まつり〜,1,2015-11-08,10:00,15:30,,,,,,,,,,,,,,,,,,,,,,,,,,1,千葉ポートパーク,千葉市中央区中央港1,121010037,35.599374,140.10006,1,0,0,0,0,0,0,0,,1,,,1,1,,1,,千葉市民産業まつり実行委員会,,,1,Code for Chiba
1003,1,有吉日枝神社秋祭り,1,2015-10-18,10:00,15:40,,,,,,,,,,,,,,,,,,,,,,,,,,1,有吉日枝神社境内 貝塚公園,千葉市緑区おゆみ野中央5-2-3,121050013,35.557876,140.172254,1,1,1,1,1,1,0,0,有吉囃子は子どもたちによって復活しています,1,有吉囃子,町内有志のステージでのカラオケ披露,1,1,,1,http://www.ariyoshi.or.jp/akimatsuri.html,日枝神社 有吉町内会,,,1,Code for Chiba
1004,1,登渡神社御祭礼,1,2015-09-04,16:00,20:30,2015-09-05,11:00,21:00,2015-09-06,16:00,20:30,,,,,,,,,,,,,,,,,,,,1,登渡神社,千葉市中央区登戸3-3-8,121010047,35.612136,140.106411,1,1,0,1,1,1,0,1,神輿の町内巡業,1,,,1,1,,1,,登渡神社,,,1,Code for Chiba
1005,1,子守神社例大祭,1,2015-09-15,13:00,20:00,2015-09-16,18:00,20:00,2015-09-17,13:00,21:30,,,,,,,,,,,,,,,,,,,神輿は、15日と 17日,1,子守神社,千葉市花見川区幕張町2-990,121020026,35.664086,140.049344,1,0,0,0,0,1,0,0,,1,,,1,1,,1,,子守神社,,,1,Code for Chiba
304,1,小深町ふれあい祭り,1,2015-09-19,18:00,,2015-09-20,12:00,,,,,,,,,,,,,,,,,,,,,,,,1,八幡神社,千葉市稲毛区小深町43-2,121030014,35.658935,140.15254,1,0,0,0,0,0,0,0,,1,,,1,1,,1,,,,,1,Code for Chiba
1006,1,三代王神社秋季例大祭,1,2015-10-20,,,,,,,,,,,,,,,,,,,,,,,,,,,,1,三代王神社,千葉市花見川区武石町1-4,121020015,35.665878,140.060411,1,0,0,0,0,0,0,0,,1,,,1,1,,1,,三代王神社,,,1,Code for Chiba
607,1,幕張西地区盆踊り大会,1,2015-07-24,18:30,21:00,2015-07-25,18:30,21:00,,,,,,,,,,,,,,,,,,,,,,雨天中止,1,幕張西第一公園,千葉市美浜区幕張西2-10,121060012,35.663777,140.036089,1,1,0,1,0,1,0,0,,1,,,1,1,,1,,第30地区町内自治会連絡協議会,,,1,Code for Chiba
608,1,第5回浜田まつり,1,2015-04-26,11:00,16:00,,,,,,,,,,,,,,,,,,,,,,,,,,1,日神パレステージ海浜幕張とコロンブスシティの間の道路,千葉市美浜区浜田1,121060010,35.660448,140.034758,1,1,1,1,1,1,0,0,,1,,,1,1,,1,,日神パレステージ海浜幕張自治会,コロンブスシティ自治会,,1,Code for Chiba
105,1,第37回蘇我コミュニティ祭り,1,2015-10-03,9:00,16:30,2015-10-04,9:00,16:30,,,,,,,,,,,,,,,,,,,,,,,1,蘇我コミュニティセンター,千葉市中央区今井1-14-35,121010007,35.582806,140.129392,1,1,1,0,1,1,0,0,ミニサッカー大会、プラネタリウム,1,,,1,1,,1,,蘇我コミュニティまつり実行委員会,,,1,Code for Chiba
305,1,薗生神社例祭,1,2015-09-22,10:00,13:00,2015-09-23,10:00,17:00,,,,,,,,,,,,,,,,,,,,,,,1,薗生神社,千葉市稲毛区園生町624,121030018,35.64836,140.103332,1,0,0,0,0,1,0,1,神輿、子供芋掘り、子供縁日,1,20年ぶりに復活した神輿渡御,,1,1,,1,,園生神社,,,1,Code for Chiba
435,1,第18回富田コスモス祭り,1,2015-10-10,9:00,15:00,2015-10-11,9:00,15:00,2015-10-12,9:00,15:00,,,,,,,,,,,,,,,,,,,,1,富田都市農業交流センター,千葉市若葉区富田町711-1,121040041,35.606728,140.242882,1,0,0,0,0,1,0,0,新鮮野菜の即売、収穫体験,1,似顔絵体験、ガマの油売り,ビームライフル体験,1,1,,1,,コスモスまつり実行委員会,,,1,Code for Chiba
306,1,ちばモノレール祭り 2015,1,2015-10-17,10:00,15:00,,,,,,,,,,,,,,,,,,,,,,,,,,1,千葉モノレール萩台車両基地,千葉市稲毛区萩台町199-1,121030025,35.641242,140.126753,1,0,0,0,0,0,0,0,モノレールの展示、見学,1,,,1,1,,1,,ちばモノレール祭り実行委員会,,,1,Code for Chiba
106,1,轟け ちば和太鼓フェスタ 2015,1,2015-10-18,10:00,19:00,,,,,,,,,,,,,,,,,,,,,,,,,,1,千葉神社,千葉市中央区院内1-16-1,121010009,35.611914,140.123829,1,0,0,1,0,1,0,0,,1,,,1,1,,1,,ちば和太鼓フェスタ実行委員会,,,1,Code for Chiba
219,1,千葉市ふるさと農園 収穫祭,1,2015-10-24,10:00,14:00,,,,,,,,,,,,,,,,,,,,,,,,,,1,千葉市ふるさと農園,千葉市花見川区三角町656-3,121020013,35.678298,140.118288,1,0,1,1,1,1,0,0,生け花教室、芋掘り、小松菜掘り、折り紙教室,1,,,1,1,,1,,千葉市ふるさと農園,,,1,Code for Chiba
107,1,ちば羽衣秋まつり / ちば YOSAKOI 2015,1,2015-10-24,14:00,20:00,2015-10-25,11:00,20:00,,,,,,,,,,,,,,,,,,,,,,小雨決行、荒天中止,1,中央公園,千葉市中央区中央1-12-1,121010036,35.610252,140.120777,1,1,0,0,0,0,0,0,,1,,,1,1,,1,,ちばYOSAKOI実行委員会,,,1,Code for Chiba
436,1,ちばZOOフェスタ 2015,1,2015-11-07,9:30,16:30,2015-11-08,9:30,16:30,,,,,,,,,,,,,,,,,,,,,,,1,千葉市動物公園,千葉市若葉区源町280,121040049,35.644699,140.124054,1,0,0,0,0,0,0,0,,1,アニマル・コスプレコンテスト(8日のみ),,1,1,,1,,ちばZOOフェスタ実行委員会,千葉市,,1,Code for Chiba
437,1,縄文ムラまつり,1,2015-11-07,9:00,17:00,2015-11-08,9:00,17:00,,,,,,,,,,,,,,,,,,,,,,,1,加曽利貝塚公園,千葉市若葉区桜木8-33-1,121040024,35.62498,140.163959,1,0,0,0,0,0,0,0,縄文体験、縄文かるた、土器作り,1,,,1,1,,1,,加曽利貝塚博物館,,,1,Code for Chiba
307,1,第10回稲毛あかり祭り「夜灯」,1,2015-11-21,13:30,20:30,2015-11-22,13:30,20:30,,,,,,,,,,,,,,,,,,,,,,,1,あかり広場,千葉市稲毛区稲毛東2,121030008,35.637438,140.085935,1,1,1,0,1,0,0,0,,1,,,1,1,,1,http://yotoboshi.org/,夜灯実行委員会,稲毛商店街振興組合,稲毛サービス会,1,Code for Chiba
609,1,見浜園灯ろうまつり,1,2015-11-21,8:00,20:30,2015-11-22,8:00,20:30,2015-11-23,8:00,20:30,,,,,,,,,,,,,,,,,,,荒天中止,1,見浜園,千葉市美浜区ひび野2-116,121060011,35.643801,140.040252,1,0,0,1,1,0,0,0,松籟亭ガイド、生け花展,1,見浜園無料開放日 11/21 8:00〜17:00,25周年記念抽選会 11/21〜11/23 限定,1,1,,1,,県立幕張海浜公園パークセンター,,,1,Code for Chiba
610,1,第29回浜風祭,1,2015-10-31,10:00,17:00,2015-11-01,10:00,17:00,,,,,,,,,,,,,,,,,,,,,,,1,神田外語大学,千葉市美浜区若葉1-4-1,121060015,35.657279,140.04324,1,0,1,0,1,1,0,0,民族衣装体験,1,,,1,1,,1,,神田外語大学浜風祭委員会,,,1,Code for Chiba
308,1,新嘗祭,1,2015-11-23,10:00,15:00,,,,,,,,,,,,,,,,,,,,,,,,,,1,稲毛浅間神社,千葉市稲毛区稲毛1-5-10,121030005,35.636623,140.082432,1,0,0,0,0,0,0,1,斎行(10:00〜)、神楽(13:00〜),1,神楽(千葉県指定無形文化財),,1,1,,1,,稲毛浅間神社,,,1,Code for Chiba
108,1,千葉城さくら祭り,1,2016-03-26,,,2016-03-27,,,2016-03-28,,,2016-03-29,,,2016-03-30,,,2016-03-31,,,2016-04-01,,,2016-04-02,,,2016-04-03,,,,1,亥鼻公園,千葉市中央区亥鼻1-6,121010006,35.604928,140.126215,1,0,1,0,1,1,0,0,キッズパーク(郷土博物館駐車場) 12:00〜17:00,1,千葉城と桜のライトアップ 18:00〜21:00,千葉シティ 5BEACHエンジェルズ 公開オーディション 3/26 14:00〜16:00,1,1,,1,,千葉城さくら祭り実行委員会,,,1,Code for Chiba
611,1,第6回浜田まつり,1,2016-04-24,11:00,16:00,,,,,,,,,,,,,,,,,,,,,,,,,,1,日神パレステージ海浜幕張とコロンブスシティの間の道路,千葉市美浜区浜田1,121060010,35.660448,140.034758,1,1,1,1,1,1,0,1,子ども神輿・山車,1,,,1,1,,1,,日神パレステージ海浜幕張自治会,コロンブスシティ自治会,ステラガーデン幕張自治会,1,Code for Chiba
438,1,下志津駐屯地 つつじ祭り,1,2016-04-29,9:00,15:00,,,,,,,,,,,,,,,,,,,,,,,,,,1,陸上自衛隊下志津駐屯地,千葉市若葉区若松町902,121040052,35.652336,140.148141,1,0,0,0,1,0,0,0,記念式典、対空戦闘訓練展示、装備品展示,1,観閲行進,,1,1,,1,http://www.mod.go.jp/gsdf/aasch/aaspr-hp/sta-intro/event/memorial/memorial.html,陸上自衛隊,,,1,Code for Chiba
109,1,2016 JFE さくら祭り,1,2016-04-02,10:00,16:00,2016-04-03,10:00,16:00,,,,,,,,,,,,,,,,,,,,,,,1,さくら通り,千葉市中央区川崎町,121010018,35.583356,140.123644,1,0,0,0,0,1,0,0,,1,研究所敷地内でお花見,,1,1,,1,http://www.jfe-steel.co.jp/works/east/chiba/community/sakuramaturi.html,JFEさくらまつり実行委員会,蘇我町内会,今井連合町会,1,Code for Chiba
612,1,第19回ベイタウンまつり,1,2016-05-21,10:00,15:40,,,,,,,,,,,,,,,,,,,,,,,,,雨天時は翌日開催,1,幕張ベイタウン・コア、美浜プロムナード,千葉市美浜区打瀬2-13,121060003,35.639694,140.046889,1,1,1,0,1,1,0,0,幕張ベイタウンのメインストリートを交通規制した大規模な祭り,1,170のフリマ店舗、30の模擬店,各種ステージイベント,1,1,,1,http://baytown.chiba.jp/,幕張ベイタウン自治会連合会,,,1,Code for Chiba
520,1,泉蔵寺花まつり,1,2016-04-10,10:00,,,,,,,,,,,,,,,,,,,,,,,,,,雨天決行,1,泉蔵寺,千葉市緑区おゆみ野有吉31-4,121050012,35.557703,140.165702,1,0,1,1,1,1,0,0,昔の遊び体験、餅投げ、移動販売車、フリーマーケット,1,有吉ばやしと境内での餅投げ,泉蔵寺本堂でのギターコンサート,1,1,,1,,有吉町内会,有吉囃子連,NPO法人 Hands for others,1,Code for Chiba
613,1,大盆踊り大会,1,2016-07-29,18:30,21:00,2016-07-30,18:30,21:00,,,,,,,,,,,,,,,,,,,,,,雨天中止,1,幕張西第一公園,千葉市美浜区幕張西2-10,121060012,35.663777,140.036089,1,1,0,0,0,1,0,0,7/30 19:30〜 小学生以下のお子様限定お菓子配布(先着 800名),1,,,1,1,,1,,第30地区町内自治会連絡協議会,,,1,Code for Chiba
309,1,夏祭り,1,2016-07-23,18:00,21:00,2016-07-24,18:00,21:00,,,,,,,,,,,,,,,,,,,,,,,1,千草台小学校,千葉市稲毛区天台5-11-1,121030020,35.638194,140.116278,1,1,0,0,0,0,0,1,7/24 9:00〜12:00 神輿巡業,1,,,1,1,,1,,天台ともしび自治会,,,1,Code for Chiba
521,1,あきのみち公園みなみまつり,1,2016-07-23,16:00,19:30,,,,,,,,,,,,,,,,,,,,,,,,,雨天時は 24日に延期,1,あきのみち公園,千葉市緑区おゆみ野南6丁目1,121050014,35.545361,140.179679,1,1,0,0,1,1,1,0,,1,子どもゲーム大会,手づくり花火大会,1,1,,1,,あきのみち公園みなみまつり実行委員会,おゆみ野南中学校区青少年育成委員会,おゆみ野地区町内自治会連絡協議会,1,Code for Chiba
614,1,第38回磯辺夏まつり,1,2016-08-27,18:00,21:00,2016-08-28,16:00,20:50,,,,,,,,,,,,,,,,,,,,,,,1,中磯辺公園グラウンド,千葉市美浜区磯辺4-27,121060001,35.630115,140.056704,1,1,0,1,1,1,0,0,磯辺地区7自治会参加による自主運営六千人規模,1,科学的櫓の組み立て（丸太づくり）、磯辺・千葉西両高校のブラスバンド演奏        ,千葉音羽太鼓による獅子舞と太鼓演奏、坂東みなつね社中、藤蔭社中の踊り,1,1,,1,,磯辺63自治会内磯辺夏祭り実行委員会,,,1,Code for Chiba
110,1,第41回千葉の親子三代夏祭り,1,2016-08-20,11:00,20:00,2016-08-21,13:00,20:15,,,,,,,,,,,,,,,,,,,,,,,1,中央公園,千葉市中央区中央1-12-1,121010036,35.610252,140.120777,1,1,1,1,0,1,0,1,千葉開府890年,1,武者行列,プロジェクションマッピング,1,1,,1,http://www.oyakosandai.chiba.jp/,千葉の親子三代夏祭り実行委員会,,,1,Code for Chiba
111,1,サマーフェスティバル,1,2016-07-10,10:00,15:00,,,,,,,,,,,,,,,,,,,,,,,,,,1,ハーモニープラザ,千葉市中央区千葉寺町1208-2,121010034,35.594572,140.134612,1,0,0,0,0,1,0,0,,1,,,1,1,,1,http://www.chp.or.jp/danjo/event/pdf/28/kouza-news/natsu-go1.pdf,千葉市ハーモニープラザ,,,1,Code for Chiba
1007,1,家内安全・安産子育て大祭,1,2016-07-14,17:30,21:00,2016-07-15,10:00,20:00,,,,,,,,,,,,,,,,,,,,,,,1,稲毛浅間神社,千葉市稲毛区稲毛1-5-10,121030005,35.636623,140.082432,1,1,1,0,1,1,0,0,,1,,,1,1,,1,http://www.inage-sengenjinja.or.jp/h21taisai.html,稲毛浅間神社,,,1,Code for Chiba
1008,1,検見川神社例祭神幸祭,1,2016-08-01,9:00,20:00,2016-08-02,9:00,20:00,2016-08-03,9:00,20:00,,,,,,,,,,,,,,,,,,,,1,検見川神社,千葉市花見川区検見川町1-641,121020008,35.653524,140.065977,1,1,0,1,1,1,0,1,ほおずき市,1,子供神輿・山車巡行,,1,1,,1,http://www.kemigawa-jinja.com/05gyoji.html,検見川神社,,,1,Code for Chiba
1009,1,第890回妙見大祭,1,2016-08-16,12:30,19:00,2016-08-22,14:00,19:30,,,,,,,,,,,,,,,,,,,,,,,1,千葉神社,千葉市中央区院内1-16-1,121010009,35.611914,140.123829,1,0,0,0,0,1,0,1,,1,神輿渡御、おほこ旗祈願祭,昇殿勇め、千葉締め,1,1,,1,http://www.chibajinja.com/073reisai.html,千葉神社,,,1,Code for Chiba
1010,1,寒川神社例大祭,1,2016-08-19,18:00,21:00,2016-08-20,8:00,20:00,2016-08-21,10:00,12:00,,,,,,,,,,,,,,,,,,,,1,寒川神社,千葉市中央区寒川町1丁目123,121010021,35.597307,140.120246,1,0,0,1,0,0,0,1,,1,御浜下り,,1,1,,1,http://www5a.biglobe.ne.jp/~samugawa/,寒川神社,,,1,Code for Chiba
1011,1,登渡神社御例祭,1,2016-09-04,,,2016-09-05,,,2016-09-06,,,,,,,,,,,,,,,,,,,,,,1,登渡神社,千葉市中央区登戸3-3-8,121010047,35.612097,140.106406,1,1,0,0,0,0,0,1,,1,神輿渡御,,1,1,,1,,登渡神社,,,1,Code for Chiba
310,1,穴川町会 納涼盆踊り,1,2016-07-30,17:00,20:30,2016-07-31,17:00,20:30,,,,,,,,,,,,,,,,,,,,,,雨天時は、露天を集会所内に移動して販売,1,穴川町会 集会所 広場,千葉市稲毛区穴川4-13-22,121030001,35.636871,140.106934,1,1,0,1,0,1,0,0,,1,,,1,1,,1,,穴川町会,,,1,Code for Chiba
220,1,南花園納涼踊り,1,2016-07-23,18:00,20:30,2016-07-24,18:00,20:30,,,,,,,,,,,,,,,,,,,,,,雨天時も、お店はオープン,1,新検見川公園,千葉市花見川区南花園2丁目4,121020029,35.65093,140.072296,1,1,1,1,1,1,0,0,,1,,,1,1,,1,,南花園自治会,,,1,Code for Chiba
221,1,第21回幕張本郷ふれあい祭り,1,2016-08-02,16:00,20:45,,,,,,,,,,,,,,,,,,,,,,,,,雨天中止,1,メイプルイン幕張駐車場,千葉市花見川区幕張本郷1-12-1,121020027,35.671598,140.039879,1,1,0,1,1,1,0,0,人形劇、パフォーマンス大会,1,毎年恒例パフォーマンス大会,フラダンス・よさこい・津軽三味線,1,1,,1,http://blogs.makusta.com/fureai/,幕張本郷事業者有志の会,幕張本郷ふれあい祭り実行委員会,,1,Code for Chiba
222,1,第12回幕張子ども夏祭り 2016,1,2016-07-18,17:30,19:30,,,,,,,,,,,,,,,,,,,,,,,,,雨天時は、体育館で実施,1,幕張小学校,千葉市花見川区幕張町4丁目781,121020026,35.661653,140.054089,1,0,0,0,0,1,1,0,,1,,,1,1,,1,,幕張中学校区青少年育成委員会,幕張地区子ども会育成会,,1,Code for Chiba
615,1,磯辺幼稚園夏祭り,1,2016-08-27,16:30,18:30,,,,,,,,,,,,,,,,,,,,,,,,,雨天中止,1,磯辺幼稚園,千葉市美浜区磯辺7-16-1,121060001,35.636119,140.052949,1,1,0,1,0,1,0,0,小さなお子様にプレゼントあり,1,,,1,1,,1,,磯辺幼稚園,,,1,Code for Chiba
616,1,稲毛海岸4丁目自治会夏祭り,1,2016-07-14,17:00,,2016-07-15,17:00,,,,,,,,,,,,,,,,,,,,,,,,1,稲毛海岸4丁目自治会館,千葉市美浜区稲毛海岸4丁目4,121060002,35.636727,140.076453,1,0,0,0,0,0,0,0,山車の引き回し 19:00〜,1,,,1,1,,1,,稲毛海岸4丁目自治会・祭礼実行委員会,,,1,Code for Chiba
617,1,高浜第二県営夏まつり,1,2016-07-16,17:00,21:30,2016-07-17,17:00,21:00,,,,,,,,,,,,,,,,,,,,,,,1,高浜第二県営集会所,千葉市美浜区高浜1丁目,121060007,35.620684,140.073956,1,0,0,0,0,0,0,0,,1,,,1,1,,1,,高浜第二県営夏まつり実行委員会,,,1,Code for Chiba
618,1,稲浜地区夏祭り,1,2016-07-23,17:00,21:00,,,,,,,,,,,,,,,,,,,,,,,,,,1,稲毛海岸2丁目公園,千葉市美浜区稲毛海岸2丁目3,121060002,35.629612,140.085151,1,0,0,0,0,0,0,0,,1,,,1,1,,1,,稲浜地区夏祭り実行委員会,,,1,Code for Chiba
619,1,第47回団地祭,1,2016-07-29,17:30,21:00,2016-07-30,16:00,,2016-07-31,9:00,,,,,,,,,,,,,,,,,,,,,1,千葉市立幸町小学校,千葉市美浜区幸町2-12-12,121060004,35.621451,140.091487,1,0,0,0,0,0,0,0,,1,,,1,1,,1,,幸町団地祭実行委員会,,,1,Code for Chiba
620,1,第43回心のふるさと高洲夏祭り,1,2016-07-30,16:00,21:00,2016-07-31,16:00,21:00,,,,,,,,,,,,,,,,,,,,,,,1,高洲運動公園,千葉市美浜区高洲2丁目,121060006,35.624037,140.079272,1,0,0,0,0,0,0,0,,1,,,1,1,,1,,高洲夏祭り実行委員会,,,1,Code for Chiba
621,1,磯辺ふるさと祭り,1,2016-07-30,18:00,21:00,2016-07-31,18:00,21:00,,,,,,,,,,,,,,,,,,,,,,,1,北磯辺公園,千葉市美浜区磯辺6丁目4,121060001,35.637155,140.054244,1,0,0,0,0,0,0,0,,1,,,1,1,,1,,磯辺ふるさと祭り実行委員会,,,1,Code for Chiba
622,1,平成28年度団地祭,1,2016-07-30,18:00,21:00,2016-07-31,18:00,20:00,,,,,,,,,,,,,,,,,,,,,,,1,稲毛海岸3丁目団地,千葉市美浜区稲毛海岸3丁目,121060002,35.633865,140.079648,1,0,0,0,0,0,0,0,,1,,,1,1,,1,,稲毛海岸3丁目団地団地祭実行委員会,,,1,Code for Chiba
623,1,パイロットハウス検見川納涼会,1,2016-08-20,16:00,20:30,,,,,,,,,,,,,,,,,,,,,,,,,雨天時は、21日に延期,1,パイロットハウス検見川集会所,千葉市美浜区磯辺6丁目,121060001,35.637257,140.057386,1,0,0,0,0,0,0,0,,1,,,1,1,,1,,パイロットハウス検見川納涼会実行委員会,,,1,Code for Chiba
624,1,高浜北夏祭り,1,2016-08-20,15:00,21:30,2016-08-21,10:00,21:00,,,,,,,,,,,,,,,,,,,,,,,1,高浜北団地中央プレイロット,千葉市美浜区高浜4丁目,121060007,35.625594,140.068624,1,0,0,0,0,0,0,0,,1,,,1,1,,1,,高浜北夏祭り実行委員会,,,1,Code for Chiba
625,1,平成28年度真砂夏祭り,1,2016-08-20,17:00,22:00,2016-08-21,17:00,21:00,,,,,,,,,,,,,,,,,,,,,,,1,真砂中央公園,千葉市美浜区真砂5-15,121060013,35.641941,140.064243,1,0,0,0,0,0,0,0,,1,,,1,1,,1,,第31地区町内自治会連絡協議会,,,1,Code for Chiba
522,1,東光院 みたま祭り,1,2016-08-14,19:00,21:30,,,,,,,,,,,,,,,,,,,,,,,,,,1,東光院,千葉市緑区平山町278,121050029,35.578317,140.186818,1,1,0,0,0,1,1,0,,1,お願い花火,流し万灯,1,1,,1,http://www.tokoin.com/,平山お願い薬師 東光院,,,1,Code for Chiba
626,1,美浜こどもまつり,1,2016-07-20,10:45,16:45,2016-07-21,10:45,16:45,,,,,,,,,,,,,,,,,,,,,,,1,千葉市美浜文化ホール,千葉市美浜区真砂5-15-2,121060013,35.641058,140.062568,1,0,1,0,1,0,0,0,ゲームコーナー、各種ワークショップ,1,カブトムシの森,,1,1,,1,http://chiba-aw.jp/event/mihama20160720,千葉市美浜文化ホール,,,1,Code for Chiba
311,1,敬愛フェスティバル 2016,1,2016-10-15,10:00,,2016-10-16,10:00,,,,,,,,,,,,,,,,,,,,,,,,1,敬愛大学 稲毛キャンバス,千葉市稲毛区穴川1-5-21,121030001,35.633089,140.103412,1,1,1,0,1,1,0,0,稲毛の街と大学を繋げる一大イベント。10月16日は稲毛区民まつりとの同日開催です。,1,,,1,1,,1,http://www.u-keiai.ac.jp,敬愛大学学友会,敬愛フェスティバル実行委員会,,1,Code for Chiba
223,1,花園ハス祭り,1,2016-07-16,,,2016-07-17,,,,,,,,,,,,,,,,,,,,,,,,,1,花園公園,千葉市花見川区花園2丁目11,121020023,35.653965,140.07191,1,1,0,0,0,0,0,1,7/16 6:00〜 観蓮会 旧東大緑地植物実験所にて,1,子供みこし行進,,1,1,,1,,花園ハス祭り実行委員会,大賀ハスのふるさとの会,,1,Code for Chiba
224,1,第7回瑞穂夏祭り,1,2016-08-20,,,,,,,,,,,,,,,,,,,,,,,,,,,,1,瑞穂小学校,千葉市花見川区瑞穂1丁目2,121020028,35.664017,140.068742,1,0,0,0,0,0,0,0,,1,,,1,1,,1,,,,,1,Code for Chiba
439,1,第37回西都賀１、２丁目自治会夏祭り,1,2016-07-30,17:00,21:00,2016-07-31,16:30,20:30,,,,,,,,,,,,,,,,,,,,,,,1,西都賀中央公園,千葉市若葉区西都賀2-4,121040044,35.637316,140.145861,1,1,0,0,0,1,0,0,,1,午前中に子供神輿,,1,1,,1,,西都賀１、２丁目自治会,,,1,Code for Chiba
225,1,かいづかの夏祭り,1,2016-08-20,16:00,18:30,,,,,,,,,,,,,,,,,,,,,,,,,雨天時は、21日に延期,1,長作町貝塚町会、協進建設駐車場,千葉市花見川区長作町355-4,121020018,35.678104,140.069523,0,0,0,0,0,1,0,0,,1,,,1,1,,1,https://www.facebook.com/nagasakumach.kaizukachyokai,長作町貝塚町会,,,1,Code for Chiba
226,1,第33回朝日ヶ丘ビレジ夏祭り,1,2016-07-23,14:00,21:00,2016-07-24,12:30,21:00,,,,,,,,,,,,,,,,,,,,,,,1,朝日ヶ丘第2公園,千葉市花見川区朝日ヶ丘3丁目2665-6,121020001,35.655408,140.081847,1,1,0,0,0,1,0,1,夜店は両日とも17時から,1,,,1,1,,1,,朝日ヶ丘ビレジ自治会,,,1,Code for Chiba
227,1,こてはし台ふるさと祭り,1,2016-07-30,16:00,21:30,2016-07-31,16:00,21:00,,,,,,,,,,,,,,,,,,,,,,,1,こてはし台中央公園,千葉市花見川区こてはし台4-21,121020009,35.687954,140.119788,1,1,1,1,1,1,0,1,,1,子供神輿,阿波踊り、蓮太鼓演奏,1,1,,1,,こてはし台自治会,,,1,Code for Chiba
312,1,作草部親交会盆踊り大会,1,2016-07-22,18:00,21:00,2016-07-23,18:00,21:00,,,,,,,,,,,,,,,,,,,,,,,1,ヤックス作草部店 屋上駐車場,千葉市稲毛区作草部1丁目10-2,121030015,35.62913,140.115353,1,1,0,1,0,1,0,0,,1,子供会による１０台の樽太鼓と櫓の上で小学上級生の太鼓,,1,1,,1,,作草部親交会,ヤックス作草部店,,1,Code for Chiba
523,1,第29回おゆみ野夏祭り 2016,1,2016-07-30,16:00,20:30,,,,,,,,,,,,,,,,,,,,,,,,,雨天時は翌日に延期,1,泉谷小学校,千葉市緑区おゆみ野中央4丁目3,121050013,35.554535,140.174215,1,1,0,1,1,1,0,0,盆踊りにて熱心に踊った方 50名に粗品進呈。小学生以下先着 700名にお菓子プレゼント,1,よさこい鳴子踊り,地域の子供達の熱演,1,1,,1,,おゆみ野夏祭り実行委員会 2016,おゆみ野地区町内自治会連絡協議会,,1,Code for Chiba
440,1,第39回みつわ台夏まつり,1,2016-08-13,11:00,21:00,2016-08-14,11:00,21:00,,,,,,,,,,,,,,,,,,,,,,2日間で3万人が集まる地域のお祭りに是非足をお運び下さい！,1,みつわ台3丁目第二公園野球場,千葉市若葉区みつわ台3丁目3-1,121040048,35.640957,140.136292,1,1,1,1,1,1,0,1,,1,被災地熊本へのチャリティーフリーマーケット,こどもみこし,1,1,,1,http://mitsuwadai-matsuri.com,みつわ台祭り実行委員会,,,1,Code for Chiba
1012,1,子守神社例大祭,1,2016-09-15,,,2016-09-16,,,2016-09-17,,,,,,,,,,,,,,,,,,,,,,1,子守神社,千葉市花見川区幕張町2-990,121020026,35.664086,140.049344,1,0,0,0,0,0,0,1,,1,,,1,1,,1,,子守神社,,,1,Code for Chiba
627,1,ベイタウン夏まつり 2016,1,2016-08-27,15:00,20:00,,,,,,,,,,,,,,,,,,,,,,,,,,1,幕張ベイタウン・コア、美浜プロムナード,千葉市美浜区打瀬2-13,121060003,35.639694,140.046889,1,0,1,0,1,1,0,1,,1,,,1,1,,1,,ベイタウン夏祭り実行委員会,幕張ベイタウン自治会連合会,幕張ベイタウン商店街振興組合,1,Code for Chiba
112,1,第2回夏祭り,1,2016-08-28,10:00,16:00,,,,,,,,,,,,,,,,,,,,,,,,,,1,千葉市生涯学習センター,千葉市中央区弁天3-7-7,121010053,35.61829,140.114155,1,0,0,0,0,1,0,0,アニメ上映会「トムとジェリー」、どうぶつしょうぎ,1,,,1,1,,1,,千葉市生涯学習センター,,,1,Code for Chiba
228,1,納涼祭,1,2016-08-06,19:00,21:00,2016-08-07,19:00,21:00,,,,,,,,,,,,,,,,,,,,,,夜店は、18:30〜,1,東花園公園,千葉市花見川区花園5丁目10,121020023,35.654286,140.076408,1,1,0,0,0,1,0,0,,1,,,1,1,,1,,花園文化会,,,1,Code for Chiba
229,1,幕張本郷西町会納涼夏祭り,1,2016-08-27,16:00,21:00,,,,,,,,,,,,,,,,,,,,,,,,,,1,浄土公園,千葉市花見川区幕張本郷6丁目14,121020027,35.675652,140.042584,1,1,0,1,0,1,0,0,,1,,,1,1,,1,,幕張本郷西町会 夏祭り実行委員会,,,1,Code for Chiba
628,1,第37回TAF高洲まつり,1,2016-07-30,14:30,21:00,2016-07-31,10:30,21:00,,,,,,,,,,,,,,,,,,,,,,両日雨天の場合 8/1(月) 15:00 〜 21:00 に開催,1,高洲一丁目住宅集会所前広場,千葉市美浜区高洲1丁目,121060006,35.631367,140.076832,1,1,0,0,0,1,0,0,山車,1,,,1,1,,1,,TAF高洲まつり実行委員会,高洲一丁目住宅管理組合,,1,Code for Chiba
230,1,第43回さつきが丘夏祭り,1,2016-08-05,18:00,21:00,2016-08-06,17:00,21:00,,,,,,,,,,,,,,,,,,,,,,8/5(金) は前夜祭でカラオケ大会,1,さつきが丘西公園,千葉市花見川区さつきが丘2丁目31,121020012,35.667236,140.092712,1,0,0,0,0,1,0,0,,1,,,1,1,,1,,,,,1,Code for Chiba
629,1,第43回高洲ふれあい祭り,1,2016-08-06,17:00,21:30,2016-08-07,17:00,21:00,,,,,,,,,,,,,,,,,,,,,,子供みこし・山車は、8/7(日) 10:00〜,1,高洲公園,千葉市美浜区高洲3丁目2,121060006,35.627811,140.075915,1,1,0,0,0,1,0,0,,1,,,1,1,,1,,高洲ふれあい祭り実行委員会,,,1,Code for Chiba
630,1,第36回納涼盆踊り大会,1,2016-07-29,,,2016-07-30,,,,,,,,,,,,,,,,,,,,,,,,,1,幸町公園,千葉市美浜区幸町1丁目4,121060004,35.610616,140.100022,1,1,0,1,0,1,0,0,,1,,,1,1,,1,,,,,1,Code for Chiba
631,1,平成28年度 真砂夏祭り,1,2016-08-27,,,2016-08-28,,,,,,,,,,,,,,,,,,,,,,,,,1,真砂中央公園,千葉市美浜区真砂5丁目15,121060013,35.641941,140.064243,1,1,0,1,1,1,0,0,,1,,,1,1,,1,,第31地区町内自治会連絡協議会,,,1,Code for Chiba
632,1,稲毛東映マンション夏祭り,1,2016-08-27,17:45,21:00,,,,,,,,,,,,,,,,,,,,,,,,,,1,稲岸公園,千葉市美浜区稲毛海岸4丁目15,121060002,35.634397,140.076921,1,0,0,0,1,1,1,0,,1,,,1,1,,1,,東映マンション自治会,,,1,Code for Chiba
231,1,朝日ヶ丘の夏祭り サマーフェスタ,1,2016-08-27,17:00,21:00,,,,,,,,,,,,,,,,,,,,,,,,,雨天の場合、中止,1,朝日ヶ丘公園,千葉市花見川区朝日ヶ丘4丁目2698-77,121020001,35.655637,140.077008,1,0,0,0,0,0,0,0,,1,,,1,1,,1,,朝日ヶ丘自治会,,,1,Code for Chiba
313,1,第11回稲毛あかり祭り「夜灯」,1,2016-11-12,,,2016-11-19,,,2016-11-20,,,,,,,,,,,,,,,,,,,,,,1,稲毛公園周辺,千葉市稲毛区稲毛1-10 ,121030005,35.636442,140.083188,1,1,1,0,1,1,0,0,昔、稲毛で実際に行われていた「夜灯漁」を再現したお祭り,1,園児からお年寄りまで、さまざまな方が作った 約8000個の手作り灯ろうが稲毛の街中に並び、 ステージでは地元チームのダンスや歌、バンド演奏が 行われる。,,1,1,,1,https://www.facebook.com/inagenoakari/,稲毛あかり祭夜灯実行委員会,,,1,Code for Chiba
633,1,第24回美浜区民フェスティバル,1,2016-10-02,9:20,15:40,,,,,,,,,,,,,,,,,,,,,,,,,荒天中止,1,稲毛海浜公園,千葉市美浜区高浜7丁目2,121060007,35.619857,140.060811,1,1,0,1,1,1,0,1,神輿、ワークショップ、フリーマーケット、警察・自衛隊車両展示,1,,,1,1,,1,,美浜区民フェスティバル実行委員会,,,1,Code for Chiba
634,1,第36回真砂コミュニティふれあいまつり,1,2016-10-15,10:00,16:00,2016-10-16,10:00,16:00,,,,,,,,,,,,,,,,,,,,,,雨天の場合、一部中止,1,真砂コミュニティセンター,千葉市美浜区真砂2丁目3?1,121060013,35.640139,140.069525,1,1,0,1,1,1,0,0,,1,,,1,1,,1,,真砂コミュニティセンター,,,1,Code for Chiba
635,1,高洲コミュニティまつり,1,2016-11-05,10:00,15:00,2016-11-06,10:00,15:00,,,,,,,,,,,,,,,,,,,,,,,1,高洲コミュニティセンター,千葉市美浜区高洲3丁目12?1,121060006,35.63922,140.06066,1,0,0,0,0,1,0,0,,1,,,1,1,,1,,高洲コミュニティセンター,,,1,Code for Chiba
314,1,ちばモノレール祭り 2016,1,2016-10-15,10:00,15:00,,,,,,,,,,,,,,,,,,,,,,,,,,1,千葉モノレール萩台車両基地,千葉市稲毛区萩台町199-1,121030025,35.641242,140.126753,1,0,0,0,0,1,0,0,,1,,,1,1,,1,,ちばモノレール祭り実行委員会,,,1,Code for Chiba
232,1,第24回花見川区民まつり,1,2016-10-23,10:00,15:00,,,,,,,,,,,,,,,,,,,,,,,,,小雨決行,1,花島公園,千葉市花見川区花島町308,121020022,35.681971,140.097403,1,1,1,0,1,1,0,0,昔あそび、グラウンドゴルフ、フリーマーケット、ロードトレイン,1,,,1,1,,1,,花見川区民まつり実行委員会,,,1,Code for Chiba
315,1,第24回稲毛区民まつり,1,2016-10-16,9:10,15:00,,,,,,,,,,,,,,,,,,,,,,,,,荒天中止,1,穴川中央公園,千葉市稲毛区穴川4丁目12,121030001,35.63681,140.106009,1,0,0,0,0,1,0,0,パラスポーツ体験会,1,,,1,1,,1,,稲毛区民まつり実行委員会,,,1,Code for Chiba
113,1,第24回中央区ふるさとまつり,1,2016-10-16,10:00,16:00,,,,,,,,,,,,,,,,,,,,,,,,,荒天中止,1,中央公園,千葉市中央区中央1-12-1,121010036,35.610252,140.120777,1,1,1,0,1,1,0,0,ちば和太鼓フェスタ、千葉氏パネル展,1,,,1,1,,1,,中央区ふるさとまつり実行委員会,,,1,Code for Chiba
441,1,第24回若葉区民まつり,1,2016-11-06,9:30,14:30,,,,,,,,,,,,,,,,,,,,,,,,,,1,東京情報大学,千葉市若葉区御成台4-1,121040012,35.637611,140.203167,1,0,0,0,0,1,0,0,フリーマーケット、産直市、スポーツイベント,1,,,1,1,,1,,若葉区民まつり実行委員会,,,1,Code for Chiba
524,1,第24回緑区ふるさとまつり,1,2016-11-06,10:00,15:00,,,,,,,,,,,,,,,,,,,,,,,,,,1,昭和の森公園,千葉市緑区土気町22,121050024,35.517634,140.280334,1,1,0,1,0,1,0,0,芸能ステージ、こどもコーナー、スポレクコーナー,1,,,1,1,,1,,緑区ふるさとまつり実行委員会,,,1,Code for Chiba
442,1,第26回千城台コミュニティまつり,1,2016-10-22,10:00,16:00,2016-10-23,10:00,16:00,,,,,,,,,,,,,,,,,,,,,,,1,千城台コミュニティセンター,千葉市若葉区千城台西2-1-1,121040035,35.621898,140.186533,1,0,0,0,0,1,0,0,,1,,,1,1,,1,,千城台コミュニティセンター,,,1,Code for Chiba
233,1,第38回畑コミュニティまつり,1,2016-10-16,10:00,16:00,,,,,,,,,,,,,,,,,,,,,,,,,,1,畑コミュニティセンター,千葉市花見川区畑町1336-2,121020021,35.666976,140.079313,1,1,1,0,0,1,0,0,,1,,,1,1,,1,,畑コミュニティセンター,,,1,Code for Chiba
234,1,第34回幕張コミュニティまつり,1,2016-10-29,10:00,15:00,2016-10-30,10:00,15:00,,,,,,,,,,,,,,,,,,,,,,,1,幕張コミュニティセンター,千葉市花見川区幕張町3-7730-4,121020026,35.656515,140.047597,1,1,1,0,0,1,0,0,,1,,,1,1,,1,,幕張コミュニティセンター,,,1,Code for Chiba
1013,1,千葉寺盆踊り大会,1,2016-08-05,19:00,21:00,2016-08-06,19:00,21:00,,,,,,,,,,,,,,,,,,,,,,,1,千葉寺,千葉市中央区千葉寺町161番地,121010034,35.595183,140.131736,1,1,0,1,0,0,0,0,,1,千葉寺舞踊会の踊り,千葉寺伝統太鼓保存会の太鼓演奏,1,1,,1,,,,,1,千葉市
1014,1,瀧藏神社祭礼夏祭り,1,2016-07-17,18:00,21:00,2016-07-18,18:00,21:00,,,,,,,,,,,,,,,,,,,,,,,1,千葉寺,千葉市中央区千葉寺町161番地,121010034,35.595183,140.131736,1,1,1,1,0,1,0,0,,1,子どもヒップホップダンス、子どもコーラス、子どもみこし,千葉寺舞踊会の舞踊、千葉寺伝統太鼓保存会の太鼓演奏,1,1,,1,,,,,1,千葉市
1015,1,千葉笑い,1,2016-12-31,13:45,15:00,,,,,,,,,,,,,,,,,,,,,,,,,,1,千葉寺,千葉市中央区千葉寺町161番地,121010034,35.595183,140.131736,1,0,0,1,1,0,0,0,,1,千葉寺舞踊会の踊り,千葉寺伝統太鼓保存会の太鼓演奏,1,1,,1,,,,,1,千葉市
114,1,納涼踊り,1,2016-08-21,18:30,21:00,2016-08-22,18:30,21:00,,,,,,,,,,,,,,,,,,,,,,,1,厳島公園,千葉市中央区港町13-3,121010059,35.599816,140.118782,1,1,0,0,0,0,0,0,,1,,,1,1,,1,,港町自治会,,,1,千葉市
115,1,椿森七町会合同盆踊り大会,1,2016-08-18,19:00,21:00,2016-08-19,19:00,21:00,,,,,,,,,,,,,,,,,,,,,,,1,椿森公園,千葉市中央区椿森2丁目12,121010038,35.619271,140.121641,1,1,0,1,0,1,1,0,子供ちゅうせん会、子供さんへお土産の配布,1,,,1,1,,1,,,,,1,千葉市
116,1,道北みどり会夏祭り,1,2016-07-23,18:30,21:00,,,,,,,,,,,,,,,,,,,,,,,,,,1,中溝公園,千葉市中央区道場北2丁目5,121010041,35.616527,140.130281,1,1,0,1,0,1,0,0,,1,城北流艶太鼓社中による太鼓演奏,,1,1,,1,,道場北町みどり会,,,1,千葉市
117,1,問屋町夏祭り,1,2016-08-27,16:00,20:00,,,,,,,,,,,,,,,,,,,,,,,,,,1,みなと街園,千葉市中央区問屋町113-7,121010043,35.601589,140.110977,1,1,0,1,0,1,0,0,,1,チーバくん登場,子供みこしと出車,1,1,,1,,問屋町自治会,,,1,千葉市
118,1,第16地区ふるさとまつり,1,2015-08-21,18:30,21:20,2015-08-22,18:30,21:20,,,,,,,,,,,,,,,,,,,,,,,1,松ヶ丘小学校,千葉市中央区松ヶ丘町580,121010057,35.586438,140.155405,1,1,1,1,1,1,0,0,,1,,,1,1,,1,,,,,1,千葉市
119,1,生実町 納涼盆踊り花火大会,1,2016-08-13,19:00,21:00,2016-08-14,19:00,21:00,2016-08-15,19:30,21:00,,,,,,,,,,,,,,,,,,,,1,生実池,千葉市中央区生実町1136-1,121010012,35.565039,140.143383,1,1,0,1,0,1,1,0,花火は 15日,1,,,1,1,,1,http://www.oyumi.com/,生実町自治会,,,1,千葉市
235,1,柏井ふるさとまつり,1,2016-07-16,18:00,21:30,2016-07-17,18:00,21:30,,,,,,,,,,,,,,,,,,,,,,,1,柏井小学校,千葉市花見川区柏井4-48-1,121020006,35.708785,140.106365,1,1,1,1,1,1,1,0,,1,,,1,1,,1,,柏井小学校区内8町内自治会,,,1,千葉市
236,1,三角町ふるさと祭り,1,2016-08-27,17:00,21:00,,,,,,,,,,,,,,,,,,,,,,,,,,1,みすみ公園,千葉市花見川区三角町230-39他,121020013,35.686031,140.11475,1,1,0,1,0,1,0,0,,1,,,1,1,,1,,,,,1,千葉市
237,1,盆踊り大会,1,2016-07-30,19:00,21:00,2016-07-31,19:00,21:00,,,,,,,,,,,,,,,,,,,,,,,1,長作小学校,千葉市花見川区長作町1273,121020018,35.684214,140.073743,1,1,0,0,0,1,0,0,,1,,,1,1,,1,,門原地区盆踊り大会実行委員会,,,1,千葉市
316,1,平成28年度小仲台地区納涼盆踊り大会,1,2016-08-05,18:30,21:00,2016-08-06,18:30,21:00,,,,,,,,,,,,,,,,,,,,,,,1,向原公園,千葉市稲毛区小仲台6-24,121030012,35.640771,140.094013,1,1,0,1,0,1,0,0,,1,,,1,1,,1,,小仲台自治会,小仲台商栄会,小仲台第五自治会,1,千葉市
317,1,天台ともしび自治会夏祭り,1,2016-07-23,18:00,21:00,2016-07-24,18:00,21:00,,,,,,,,,,,,,,,,,,,,,,,1,千草台小学校,千葉市稲毛区天台5-11-1,121030020,35.631633,140.122913,1,1,0,0,0,1,0,0,,1,,,1,1,,1,,天台ともしび自治会,,,1,千葉市
318,1,天台親和会納涼夏祭り,1,2016-07-16,18:00,21:00,2016-07-17,18:00,21:00,,,,,,,,,,,,,,,,,,,,,,,1,ひかり公園,千葉市稲毛区天台5-141-25,121030020,35.639515,140.11398,1,1,0,1,0,1,0,0,大道芸、子供ショー,1,,,1,1,,1,,,,,1,千葉市
319,1,園生町草野町内会盆踊り大会,1,2016-07-29,18:00,21:00,2016-07-30,18:00,21:00,,,,,,,,,,,,,,,,,,,,,,,1,園生第二公園,千葉市稲毛区園生町389-1,121030018,35.654841,140.12039,1,1,0,1,0,1,0,0,,1,じゃんけん大会,,1,1,,1,,園生町草野町内会,,,1,千葉市
320,1,小深町八幡神社秋の例大祭,1,2016-09-17,18:00,21:30,2016-09-18,12:00,21:00,,,,,,,,,,,,,,,,,,,,,,,1,小深町自治会館,千葉市稲毛区小深町43,121030014,35.65907,140.152454,1,1,1,1,1,1,0,1,神輿渡御、町内一巡,1,,,1,1,,1,,,,,1,千葉市
321,1,町内納涼盆踊り大会,1,2016-08-28,18:00,20:30,,,,,,,,,,,,,,,,,,,,,,,,,,1,作草部公園,千葉市稲毛区天台1-1,121030020,35.630346,140.113771,1,1,0,1,0,1,0,0,神輿(予定),1,,,1,1,,1,,天台町内会,,,1,千葉市
322,1,ふれあいイベント夏,1,2016-08-20,,,,,,,,,,,,,,,,,,,,,,,,,,,,1,宮の杜こぶし公園,千葉市稲毛区長沼町156,121030023,35.661558,140.111487,1,0,0,0,0,1,0,0,こども神輿,1,,,1,1,,1,http://www.ne.jp/asahi/chiba/miyanomori/,宮の杜自治会,,,1,千葉市
1016,1,諏訪神社 例大祭,1,2016-10-16,,,,,,,,,,,,,,,,,,,,,,,,,,,,1,諏訪神社,千葉市花見川区長作町781-1,121020018,35.675592,140.073774,1,0,0,0,0,0,0,1,8:00〜 宮出し 神輿渡御,1,,,1,1,,1,,,,,1,Code for Chiba
238,1,コスモス祭り,1,2016-10-22,11:30,14:00,,,,,,,,,,,,,,,,,,,,,,,,,,1,天戸中学校,千葉市花見川区天戸町1429,121020003,35.681448,140.087113,1,0,0,0,0,1,0,0,ゲームコーナー,1,,,1,1,,1,,,,,1,Code for Chiba
239,1,第50回幕張地区文化祭,1,2016-10-15,9:30,15:45,2016-10-16,9:30,15:45,,,,,,,,,,,,,,,,,,,,,,,1,幕張公民館,千葉市花見川区幕張町4?602,121020026,35.660265,140.055428,1,1,1,0,1,1,0,0,,1,,,1,1,,1,,,,,1,Code for Chiba
636,1,ふれあい祭り,1,2016-10-30,9:00,14:00,,,,,,,,,,,,,,,,,,,,,,,,,,1,幕張西小学校,千葉市美浜区幕張西2-8?1,121060012,35.664865,140.038036,1,0,0,0,1,1,0,0,空手、ヒップホップ、ドッチボール、グラウンドゴルフ,1,,,1,1,,1,,NPO法人幕張西スポーツクラブ,,,1,Code for Chiba
442,1,2016納涼盆踊り大会,1,2016-07-30,18:30,21:00,,,,,,,,,,,,,,,,,,,,,,,,,,1,都川水の里公園,千葉市若葉区大宮町258-1他,121040009,35.603887,140.153057,1,1,0,1,0,1,0,0,抽選会,1,,,1,1,,1,,加曾利町内会,,,1,Code for Chiba
443,1,第3回若松町親和自治会夏祭り,1,2016-08-06,17:00,20:00,,,,,,,,,,,,,,,,,,,,,,,,,,1,若松公園,千葉市若葉区若松町361-54,121040052,35.640019,140.165033,1,1,0,1,0,1,0,0,じゃんけん大会、抽選会,1,,,1,1,,1,,若松町親和自治会,,,1,Code for Chiba
444,1,若松町中広町内会盆踊り大会,1,2016-07-23,18:00,21:00,2016-07-24,18:00,20:30,,,,,,,,,,,,,,,,,,,,,,,1,若松町中広会館脇千葉経済大学グランド,千葉市若葉区若松町429-79,121040052,35.642781,140.1616,1,1,0,1,0,1,0,0,,1,,,1,1,,1,,,,,1,Code for Chiba
445,1,小倉小地区納涼大会,1,2016-07-23,10:00,21:00,2016-07-24,10:00,21:00,,,,,,,,,,,,,,,,,,,,,,,1,小倉台公園,千葉市若葉区小倉台4-7,121040010,35.629316,140.170549,1,1,0,1,1,1,1,0,子供みこし巡業,1,,,1,1,,1,,小倉小地区納涼大会実行委員会,,,1,Code for Chiba
446,1,みつわ台5丁目納涼盆踊り大会,1,2016-07-30,18:00,20:30,2016-07-31,18:00,20:00,,,,,,,,,,,,,,,,,,,,,,,1,源弁天公園,千葉市若葉区みつわ台5-47,121040048,35.646593,140.140033,1,1,0,1,0,1,1,0,ビンゴ、三角くじ、おたのしみ抽選会,1,,,1,1,,1,,みつわ台5丁目連合自治会,,,1,Code for Chiba
447,1,若松町北部自治会納涼盆踊り大会,1,2016-07-23,19:00,21:00,2016-07-24,19:00,21:00,,,,,,,,,,,,,,,,,,,,,,,1,若松町公園,千葉市若葉区若松町492-1他,121040052,35.644681,140.152983,1,1,0,1,0,1,0,0,ヒップホップダンス,1,,,1,1,,1,,若松町北部自治会,,,1,Code for Chiba
448,1,ふるさと夏祭り,1,2016-07-31,16:00,21:00,,,,,,,,,,,,,,,,,,,,,,,,,,1,高品公園,千葉市若葉区高品町1596,121040030,35.619474,140.133835,1,1,0,1,0,1,0,0,,1,,,1,1,,1,,千葉ふるさと夏まつり振興会,,,1,Code for Chiba
525,1,誉田町1丁目盆踊り大会,1,2016-08-06,19:00,21:00,2016-08-07,19:00,21:00,,,,,,,,,,,,,,,,,,,,,,,1,誉田南公園,千葉市緑区誉田町1丁目,121050032,35.548708,140.19966,1,1,1,1,0,1,0,0,,1,,,1,1,,1,,誉田町1丁目盆踊大会実行委員会,,,1,Code for Chiba
526,1,2016 とけサマーフェスティバル 30th,1,2016-08-20,10:00,20:00,2016-08-21,10:00,20:00,,,,,,,,,,,,,,,,,,,,,,,1,創造の杜,千葉市緑区あすみが丘5-41,121050001,35.524703,140.257994,1,1,1,1,1,1,1,0,,1,,,1,1,,1,http://www.tokefes.rdy.jp/,とけサマーフェスティバル実行委員会,,,1,Code for Chiba
637,1,高浜夏祭り,1,2016-07-30,18:00,21:30,2016-07-31,18:00,21:00,,,,,,,,,,,,,,,,,,,,,,,1,高浜第一公園,千葉市美浜区高浜1-5,121060007,35.61799,140.073883,1,0,0,0,0,0,0,0,,1,,,1,1,,1,,高浜6丁目自治会,,,1,Code for Chiba
638,1,幕張西5・6丁目 秋祭り,1,2016-11-20,10:00,15:00,,,,,,,,,,,,,,,,,,,,,,,,,,1,幕張西第三公園,千葉市美浜区幕張西6-2-1他,121060012,35.662178,140.032633,1,1,0,1,0,1,0,0,もちつき,1,,,1,1,,1,,幕張西5・6丁目自治会,,,1,Code for Chiba
639,1,検見川宿舎自治会夏祭り,1,2016-07-23,17:00,21:30,2016-07-24,9:00,11:00,,,,,,,,,,,,,,,,,,,,,,,1,検見川宿舎,千葉市美浜区真砂2丁目4,121060013,35.639118,140.070153,1,1,0,1,0,1,0,0,,1,小学生中心の妖怪第一体操,,1,1,,1,,検見川宿舎自治会,,,1,Code for Chiba
640,1,いそべふれあい夏祭り,1,2016-07-30,10:30,20:30,,,,,,,,,,,,,,,,,,,,,,,,,,1,磯辺公園,千葉市美浜区磯辺1-26,121060001,35.62954,140.064997,1,1,0,1,0,1,0,0,こどもによる山車の町内巡行,1,,,1,1,,1,,いそべふれあい夏祭り実行委員会,,,1,Code for Chiba
323,1,第54回千葉大祭,1,2016-11-03,9:00,18:00,2016-11-04,9:00,18:00,2016-11-05,9:00,18:00,2016-11-06,9:00,15:00,,,,,,,,,,,,,,,,,1,千葉大学 西千葉キャンパス,千葉市稲毛区弥生町1-33,121030028,35.6277542,140.1035722,1,1,1,0,1,1,0,0,,1,,,1,1,,1,http://chibafes.com/,千葉大祭実行委員会,,,1,Code for Chiba
324,1,あったか。ハート祭り,1,2016-10-22,10:00,16:00,2016-10-23,10:00,16:00,,,,,,,,,,,,,,,,,,,,,,,1,長沼原勤労市民プラザ,千葉市稲毛区長沼原町304-1,121030024,35.668396,140.129942,1,0,0,0,1,1,0,0,お笑いステージ、こども楽校、ワークショップ,1,,,1,1,,1,,Fun Space,オーチュー事業共同体,河野プロパンガス有限会社,1,Code for Chiba
641,1,第35回5・5まつり,1,2017-05-05,10:00,15:00,,,,,,,,,,,,,,,,,,,,,,,,,,1,高洲コミュニティセンター,千葉市美浜区高洲3丁目12?1,121060006,35.63922,140.06066,1,0,0,1,1,0,0,0,,1,,,1,1,,1,http://www.55matsuri.net/,浜友の会,,,1,Code for Chiba
642,1,第7回浜田まつり,1,2017-04-23,10:55,16:00,,,,,,,,,,,,,,,,,,,,,,,,,,1,日神パレステージ海浜幕張とコロンブスシティの間の道路,千葉市美浜区浜田1,121060010,35.660448,140.034758,1,1,1,1,1,1,0,1,子ども神輿・山車,1,,,1,1,,1,,日神パレステージ海浜幕張自治会,コロンブスシティ自治会,ステラガーデン幕張自治会,1,Code for Chiba
449,1,縄文春祭り,1,2017-05-03,10:00,15:00,2017-05-04,10:00,15:00,2017-05-05,10:00,15:00,2017-05-06,10:00,15:00,2017-05-07,10:00,15:00,,,,,,,,,,,,,,1,加曽利貝塚博物館,千葉市若葉区桜木8-33-1,121040024,35.623675,140.165194,1,0,0,1,0,1,0,0,縄文体験,1,,,1,1,,1,http://www.city.chiba.jp/kyoiku/shogaigakushu/bunkazai/kasorikaizuka/h29haru-fes.html,,,,1,Code for Chiba
643,1,第5回検見川ビーチフェスタ,1,2017-05-21,10:00,15:00,,,,,,,,,,,,,,,,,,,,,,,,,,1,稲毛ヨットハーバー,千葉市美浜区磯辺2-8-1,121060001,35.623858,140.05605,1,1,0,0,0,1,0,0,ビーチでのスポーツ体験,1,,,1,1,,1,https://www.city.chiba.jp/toshi/koenryokuchi/kanri/mihama/28-kemigawabeachfesta-yokoku.html,千葉市,千葉銀行,,1,Code for Chiba
644,1,第20回ベイタウンまつり,1,2017-05-20,10:00,16:00,,,,,,,,,,,,,,,,,,,,,,,,,雨天時は翌日開催,1,幕張ベイタウン・コア、美浜プロムナード,千葉市美浜区打瀬2-13,121060003,35.639694,140.046889,1,0,0,0,0,1,0,0,,1,,,1,1,,1,http://baytown.chiba.jp/festival/,幕張ベイタウン自治会連合会,,,1,Code for Chiba
645,1,幕張西一丁目海浜町内会神輿祭り,1,2017-07-30,,,,,,,,,,,,,,,,,,,,,,,,,,,,1,幕張西一丁目町内会館,千葉市美浜区幕張西2-6-3,121060012,35.665366,140.036045,1,0,0,0,0,1,0,1,,1,,,1,1,,1,,,,,1,Code for Chiba
646,1,幕張西地区盆踊り大会,1,2017-07-28,,,2017-07-29,,,,,,,,,,,,,,,,,,,,,,,,,1,幕張西第一公園,千葉市美浜区幕張西2-10,121060012,35.663777,140.036089,1,1,0,0,0,1,0,0,,1,,,1,1,,1,,,,,1,Code for Chiba
120,1,大賀ハス祭り,1,2017-06-17,8:00,14:00,2017-06-18,8:00,14:00,2017-06-19,8:00,14:00,2017-06-20,8:00,14:00,2017-06-21,8:00,14:00,2017-06-22,8:00,14:00,2017-06-23,8:00,14:00,2017-06-24,8:00,14:00,2017-06-25,8:00,14:00,,1,千葉公園内蓮華亭・ハス池周辺,千葉市中央区弁天3-1-1,121010053,35.621095,140.113877,1,1,1,1,1,1,0,0,ちはなちゃん、かそりーぬ、風太くん、モノちゃん,1,大賀ハスガイド,象鼻杯体験(大きな蓮の葉にお酒やジュースなどの飲み物を入れ、茎をストローにして飲む),1,1,,1,https://www.city.chiba.jp/toshi/koenryokuchi/ryokusei/midoritohana/oga-lotus2017.html,千葉市,花びと会ちば,,1,Code for Chiba
240,1,第13回幕張子ども夏祭り 2017,1,2017-07-17,17:30,19:30,,,,,,,,,,,,,,,,,,,,,,,,,ゲーム受付は 18:15 まで,1,幕張小学校,千葉市花見川区幕張町4丁目781,121020026,35.661653,140.054089,1,0,0,0,0,1,1,0,ゲームは 17:30〜18:30。幼児、小学生向け,1,,,1,1,,1,,幕張中学校区青少年育成委員会,幕張地区子ども会育成会,,1,Code for Chiba
241,1,第22回幕張本郷ふれあい祭り,1,2017-08-01,16:00,20:45,,,,,,,,,,,,,,,,,,,,,,,,,雨天中止,1,ホテルメイプルイン幕張,千葉市花見川区幕張本郷1-12-1,121020027,35.671598,140.039879,1,1,0,0,0,1,0,0,,1,,,1,1,,1,http://blogs.makusta.com/fureai/,幕張本郷ふれあい祭り実行委員会,幕張本郷有志の会,,1,Code for Chiba
121,1,白旗七夕祭り,1,2017-07-01,10:00,15:00,,,,,,,,,,,,,,,,,,,,,,,,,,1,白旗公園、白旗商店街,千葉市中央区白旗2-135,121010024,35.578733,140.140314,1,0,0,0,0,1,0,0,スタンプラリー、チアリーダーや大道芸のパフォーマンス,1,,,1,1,,1,,白旗七夕祭り実行委員会,千葉県立生浜高等学校,ジェフユナイテッド株式会社,1,Code for Chiba
450,1,第40回みつわ台夏祭り,1,2017-08-12,11:00,21:00,2017-08-13,11:00,21:00,,,,,,,,,,,,,,,,,,,,,,,1,みつわ台第二公園野球場,千葉市若葉区みつわ台3丁目3-1,121040048,35.640957,140.136292,1,1,0,1,1,1,0,1,,1,フリーマーケット(昨年と場所が違います),,1,1,,1,,みつわ台祭り実行委員会,,,1,Code for Chiba
1017,1,夏の大祭,1,2017-07-14,,,2017-07-15,,,,,,,,,,,,,,,,,,,,,,,,,1,稲毛浅間神社,千葉市稲毛区稲毛1-5-10,121030005,35.636623,140.082432,1,0,0,0,0,0,0,0,,1,,,1,1,,1,http://www.inage-sengenjinja.or.jp/saiten/#taisai,稲毛浅間神社,,,1,Code for Chiba
527,1,第4回あきのみち公園みなみまつり,1,2017-07-22,15:00,19:30,,,,,,,,,,,,,,,,,,,,,,,,,雨天時は 23日に延期,1,あきのみち公園,千葉市緑区おゆみ野南6丁目1,121050014,35.545361,140.179679,1,0,0,0,0,0,0,0,,1,,,1,1,,1,,あきのみち公園みなみまつり実行委員会,おゆみ野南中学校区青少年育成委員会,おゆみ野地区町内自治会連絡協議会,1,Code for Chiba
325,1,BON ODORI night 2017,1,2017-07-22,14:00,21:00,,,,,,,,,,,,,,,,,,,,,,,,,,1,HELLO GARDEN,千葉市稲毛区緑町1-18-8,121030022,35.624368,140.099681,1,0,0,0,1,1,0,0,,1,,,1,1,,1,,,,,1,Code for Chiba
528,1,第30回おゆみ野夏祭り 2017,1,2017-08-05,16:00,20:30,,,,,,,,,,,,,,,,,,,,,,,,,雨天時は翌日に延期,1,泉谷小学校,千葉市緑区おゆみ野中央4丁目3,121050013,35.554535,140.174215,1,1,0,1,1,1,0,0,盆踊りにて熱心に踊った方 50名に粗品進呈。小学生以下先着 700名にお菓子プレゼント,1,,,1,1,,1,,おゆみ野夏祭り実行委員会 2017,おゆみ野地区町内自治会連絡協議会,,1,Code for Chiba
122,1,なつまつり,1,2017-08-06,10:00,16:00,,,,,,,,,,,,,,,,,,,,,,,,,,1,きぼーる 3階 アリーナ,千葉市中央区中央4-5-1,121010036,35.607452,140.12311,1,1,0,0,0,1,0,0,,1,,,1,1,,1,,千葉市子ども交流館,,,1,Code for Chiba
647,1,ベイタウン夏祭り 2017,1,2017-08-26,15:00,20:00,,,,,,,,,,,,,,,,,,,,,,,,,小雨決行。雨天は翌日開催,1,パティオス・プロムナード 4番街〜6番街 コア周辺,千葉市美浜区打瀬2-13,121060003,35.639694,140.046889,1,1,0,0,1,1,0,0,子供みこし,1,,,1,1,,1,,幕張ベイタウン商店街振興組合,幕張ベイタウン自治会連合会,,1,Code for Chiba
242,1,2017 花園ハス祭り,1,2017-07-15,14:00,21:00,2017-07-16,19:00,21:00,,,,,,,,,,,,,,,,,,,,,,7/15 は、6:00〜10:00 観蓮会を旧東大緑地植物実験所、14:00〜 子ども行進を花園公園から花園東公園,1,花園公園,千葉市花見川区花園2-11,121020023,35.653965,140.07191,1,1,0,0,0,0,0,0,,1,,,1,1,,1,,花園ハス祭り実行委員会,,,1,Code for Chiba
326,1,第30回稲毛東五丁目夏祭り,1,2017-07-29,17:00,20:00,2017-07-30,17:00,20:00,,,,,,,,,,,,,,,,,,,,,,7/30 は、10:00からこどもみこし,1,稲毛東公園,千葉市稲毛区稲毛東5-8,121030008,35.641317,140.087091,1,0,0,0,0,1,0,0,,1,,,1,1,,1,,稲毛東五丁目自治会,成年部,婦人部,1,Code for Chiba
